{"errors":[],"warnings":[],"namedChunkGroups":{"app":{"chunks":[11,2],"assets":["webpack-runtime-3855164b23d3988fc3d4.js","webpack-runtime-3855164b23d3988fc3d4.js.map","app-960b501c0dbe267cb409.js","app-960b501c0dbe267cb409.js.map"],"children":{},"childAssets":{}},"component---node-modules-gatsby-plugin-offline-app-shell-js":{"chunks":[3],"assets":["component---node-modules-gatsby-plugin-offline-app-shell-js-30d2fce5c40ea49a2461.js","component---node-modules-gatsby-plugin-offline-app-shell-js-30d2fce5c40ea49a2461.js.map"],"children":{},"childAssets":{}},"component---src-pages-tags-jsx":{"chunks":[0,1,8],"assets":["0.57483a8f037cfa80b466.css","0-54e54f901b663994cd7a.js","0-54e54f901b663994cd7a.js.map","1-e5b7b2928b02b873327e.js","1-e5b7b2928b02b873327e.js.map","component---src-pages-tags-jsx-46b69eac693cbb084672.js","component---src-pages-tags-jsx-46b69eac693cbb084672.js.map"],"children":{},"childAssets":{}},"component---src-templates-post-jsx":{"chunks":[0,1,10],"assets":["0.57483a8f037cfa80b466.css","0-54e54f901b663994cd7a.js","0-54e54f901b663994cd7a.js.map","1-e5b7b2928b02b873327e.js","1-e5b7b2928b02b873327e.js.map","component---src-templates-post-jsx-9b7807c50f1e48370bbb.js","component---src-templates-post-jsx-9b7807c50f1e48370bbb.js.map"],"children":{},"childAssets":{}},"component---src-pages-404-jsx":{"chunks":[0,1,4],"assets":["0.57483a8f037cfa80b466.css","0-54e54f901b663994cd7a.js","0-54e54f901b663994cd7a.js.map","1-e5b7b2928b02b873327e.js","1-e5b7b2928b02b873327e.js.map","component---src-pages-404-jsx-dde1bc240a0e7752f59d.js","component---src-pages-404-jsx-dde1bc240a0e7752f59d.js.map"],"children":{},"childAssets":{}},"component---src-pages-blog-jsx":{"chunks":[0,1,5],"assets":["0.57483a8f037cfa80b466.css","0-54e54f901b663994cd7a.js","0-54e54f901b663994cd7a.js.map","1-e5b7b2928b02b873327e.js","1-e5b7b2928b02b873327e.js.map","component---src-pages-blog-jsx-327d2aa10db4670e9d51.js","component---src-pages-blog-jsx-327d2aa10db4670e9d51.js.map"],"children":{},"childAssets":{}},"component---src-pages-dich-vu-jsx":{"chunks":[0,1,6],"assets":["0.57483a8f037cfa80b466.css","0-54e54f901b663994cd7a.js","0-54e54f901b663994cd7a.js.map","1-e5b7b2928b02b873327e.js","1-e5b7b2928b02b873327e.js.map","component---src-pages-dich-vu-jsx-5dd51de1f64b09d59730.js","component---src-pages-dich-vu-jsx-5dd51de1f64b09d59730.js.map"],"children":{},"childAssets":{}},"component---src-pages-index-jsx":{"chunks":[0,1,7],"assets":["0.57483a8f037cfa80b466.css","0-54e54f901b663994cd7a.js","0-54e54f901b663994cd7a.js.map","1-e5b7b2928b02b873327e.js","1-e5b7b2928b02b873327e.js.map","component---src-pages-index-jsx-9d79b88192a94fdfc2a7.js","component---src-pages-index-jsx-9d79b88192a94fdfc2a7.js.map"],"children":{},"childAssets":{}},"component---src-pages-ve-box-jsx":{"chunks":[0,1,9],"assets":["0.57483a8f037cfa80b466.css","0-54e54f901b663994cd7a.js","0-54e54f901b663994cd7a.js.map","1-e5b7b2928b02b873327e.js","1-e5b7b2928b02b873327e.js.map","component---src-pages-ve-box-jsx-d55ef2af7ff5b9a0ddb4.js","component---src-pages-ve-box-jsx-d55ef2af7ff5b9a0ddb4.js.map"],"children":{},"childAssets":{}}},"assetsByChunkName":{"app":["webpack-runtime-3855164b23d3988fc3d4.js","app-960b501c0dbe267cb409.js"],"component---node-modules-gatsby-plugin-offline-app-shell-js":["component---node-modules-gatsby-plugin-offline-app-shell-js-30d2fce5c40ea49a2461.js"],"component---src-pages-tags-jsx":["0.57483a8f037cfa80b466.css","0-54e54f901b663994cd7a.js","1-e5b7b2928b02b873327e.js","component---src-pages-tags-jsx-46b69eac693cbb084672.js"],"component---src-templates-post-jsx":["0.57483a8f037cfa80b466.css","0-54e54f901b663994cd7a.js","1-e5b7b2928b02b873327e.js","component---src-templates-post-jsx-9b7807c50f1e48370bbb.js"],"component---src-pages-404-jsx":["0.57483a8f037cfa80b466.css","0-54e54f901b663994cd7a.js","1-e5b7b2928b02b873327e.js","component---src-pages-404-jsx-dde1bc240a0e7752f59d.js"],"component---src-pages-blog-jsx":["0.57483a8f037cfa80b466.css","0-54e54f901b663994cd7a.js","1-e5b7b2928b02b873327e.js","component---src-pages-blog-jsx-327d2aa10db4670e9d51.js"],"component---src-pages-dich-vu-jsx":["0.57483a8f037cfa80b466.css","0-54e54f901b663994cd7a.js","1-e5b7b2928b02b873327e.js","component---src-pages-dich-vu-jsx-5dd51de1f64b09d59730.js"],"component---src-pages-index-jsx":["0.57483a8f037cfa80b466.css","0-54e54f901b663994cd7a.js","1-e5b7b2928b02b873327e.js","component---src-pages-index-jsx-9d79b88192a94fdfc2a7.js"],"component---src-pages-ve-box-jsx":["0.57483a8f037cfa80b466.css","0-54e54f901b663994cd7a.js","1-e5b7b2928b02b873327e.js","component---src-pages-ve-box-jsx-d55ef2af7ff5b9a0ddb4.js"]}}