{"errors":[],"warnings":[],"namedChunkGroups":{"app":{"chunks":[11,2],"assets":["webpack-runtime-6a353c409e4a243aff18.js","webpack-runtime-6a353c409e4a243aff18.js.map","app-77950485ceebea0bfebe.js","app-77950485ceebea0bfebe.js.map"],"children":{},"childAssets":{}},"component---node-modules-gatsby-plugin-offline-app-shell-js":{"chunks":[3],"assets":["component---node-modules-gatsby-plugin-offline-app-shell-js-ad0c4cbb923ec4074f03.js","component---node-modules-gatsby-plugin-offline-app-shell-js-ad0c4cbb923ec4074f03.js.map"],"children":{},"childAssets":{}},"component---src-pages-tags-jsx":{"chunks":[0,1,8],"assets":["0.57483a8f037cfa80b466.css","0-3ff189039b657b590d64.js","0-3ff189039b657b590d64.js.map","1-9327da7c61369a748cdc.js","1-9327da7c61369a748cdc.js.map","component---src-pages-tags-jsx-c08925cc68500ee75ee1.js","component---src-pages-tags-jsx-c08925cc68500ee75ee1.js.map"],"children":{},"childAssets":{}},"component---src-templates-post-jsx":{"chunks":[0,1,10],"assets":["0.57483a8f037cfa80b466.css","0-3ff189039b657b590d64.js","0-3ff189039b657b590d64.js.map","1-9327da7c61369a748cdc.js","1-9327da7c61369a748cdc.js.map","component---src-templates-post-jsx-53847aecfccfa9839579.js","component---src-templates-post-jsx-53847aecfccfa9839579.js.map"],"children":{},"childAssets":{}},"component---src-pages-404-jsx":{"chunks":[0,1,4],"assets":["0.57483a8f037cfa80b466.css","0-3ff189039b657b590d64.js","0-3ff189039b657b590d64.js.map","1-9327da7c61369a748cdc.js","1-9327da7c61369a748cdc.js.map","component---src-pages-404-jsx-4d8d96fbb756d558052b.js","component---src-pages-404-jsx-4d8d96fbb756d558052b.js.map"],"children":{},"childAssets":{}},"component---src-pages-blog-jsx":{"chunks":[0,1,5],"assets":["0.57483a8f037cfa80b466.css","0-3ff189039b657b590d64.js","0-3ff189039b657b590d64.js.map","1-9327da7c61369a748cdc.js","1-9327da7c61369a748cdc.js.map","component---src-pages-blog-jsx-470591ad2bd560a198e4.js","component---src-pages-blog-jsx-470591ad2bd560a198e4.js.map"],"children":{},"childAssets":{}},"component---src-pages-dich-vu-jsx":{"chunks":[0,1,6],"assets":["0.57483a8f037cfa80b466.css","0-3ff189039b657b590d64.js","0-3ff189039b657b590d64.js.map","1-9327da7c61369a748cdc.js","1-9327da7c61369a748cdc.js.map","component---src-pages-dich-vu-jsx-732a6d6956254e2b3256.js","component---src-pages-dich-vu-jsx-732a6d6956254e2b3256.js.map"],"children":{},"childAssets":{}},"component---src-pages-index-jsx":{"chunks":[0,1,7],"assets":["0.57483a8f037cfa80b466.css","0-3ff189039b657b590d64.js","0-3ff189039b657b590d64.js.map","1-9327da7c61369a748cdc.js","1-9327da7c61369a748cdc.js.map","component---src-pages-index-jsx-3d13f19601b905abfa94.js","component---src-pages-index-jsx-3d13f19601b905abfa94.js.map"],"children":{},"childAssets":{}},"component---src-pages-ve-box-jsx":{"chunks":[0,1,9],"assets":["0.57483a8f037cfa80b466.css","0-3ff189039b657b590d64.js","0-3ff189039b657b590d64.js.map","1-9327da7c61369a748cdc.js","1-9327da7c61369a748cdc.js.map","component---src-pages-ve-box-jsx-a622651ffcd1dd5d60da.js","component---src-pages-ve-box-jsx-a622651ffcd1dd5d60da.js.map"],"children":{},"childAssets":{}}},"assetsByChunkName":{"app":["webpack-runtime-6a353c409e4a243aff18.js","app-77950485ceebea0bfebe.js"],"component---node-modules-gatsby-plugin-offline-app-shell-js":["component---node-modules-gatsby-plugin-offline-app-shell-js-ad0c4cbb923ec4074f03.js"],"component---src-pages-tags-jsx":["0.57483a8f037cfa80b466.css","0-3ff189039b657b590d64.js","1-9327da7c61369a748cdc.js","component---src-pages-tags-jsx-c08925cc68500ee75ee1.js"],"component---src-templates-post-jsx":["0.57483a8f037cfa80b466.css","0-3ff189039b657b590d64.js","1-9327da7c61369a748cdc.js","component---src-templates-post-jsx-53847aecfccfa9839579.js"],"component---src-pages-404-jsx":["0.57483a8f037cfa80b466.css","0-3ff189039b657b590d64.js","1-9327da7c61369a748cdc.js","component---src-pages-404-jsx-4d8d96fbb756d558052b.js"],"component---src-pages-blog-jsx":["0.57483a8f037cfa80b466.css","0-3ff189039b657b590d64.js","1-9327da7c61369a748cdc.js","component---src-pages-blog-jsx-470591ad2bd560a198e4.js"],"component---src-pages-dich-vu-jsx":["0.57483a8f037cfa80b466.css","0-3ff189039b657b590d64.js","1-9327da7c61369a748cdc.js","component---src-pages-dich-vu-jsx-732a6d6956254e2b3256.js"],"component---src-pages-index-jsx":["0.57483a8f037cfa80b466.css","0-3ff189039b657b590d64.js","1-9327da7c61369a748cdc.js","component---src-pages-index-jsx-3d13f19601b905abfa94.js"],"component---src-pages-ve-box-jsx":["0.57483a8f037cfa80b466.css","0-3ff189039b657b590d64.js","1-9327da7c61369a748cdc.js","component---src-pages-ve-box-jsx-a622651ffcd1dd5d60da.js"]}}